{
    "inception_score_real": {
        "mean": 3.2001481931212448,
        "std": 0.13450436736755747
    },
    "inception_score_fake": {
        "mean": 1.133324125985045,
        "std": 0.007350970147466465
    },
    "fid": 516.1112670898438
}